0,-106.35264785984405
1,-85.58900089876114
2,-166.3242165787671
3,-137.55203165817912
4,-164.22957710218697
5,-132.3162903769799
6,-294.90286004720883
7,-66.13359359243691
8,-83.39917293736278
9,-120.99993545926503
10,-145.82371503637694
11,-135.3796544983322
12,-112.54197083282506
13,-79.62046641717934
14,-113.95792005762507
15,-466.34285012438363
16,-60.549050038574556
17,-270.62161825249086
18,-104.55525649142476
19,-333.10270591447784
20,-266.8675588497629
21,-331.1040262362963
22,-143.20109985161355
23,-346.58421325194604
24,-226.45997157169245
25,-53.44758874089551
26,-170.77357396219054
27,-123.19456130456079
28,-114.89106767019051
29,-356.8464569653688
30,-130.8154605439396
31,-38.50697026904687
32,-41.1623544874003
33,-179.36250426097476
34,-119.79192663951807
35,-214.6074977891629
36,-206.58768127363282
37,-61.59551219929318
38,-187.29768326566426
39,18.7181557623379
40,-78.33592618360291
41,-64.58737099974374
42,-192.23965270643927
43,-36.73027445422183
44,-83.51693682395734
45,-172.60977301655845
46,-91.90733065407775
47,-201.54470489760888
48,-152.53856799851738
49,-90.66832255457345
50,-129.92916673692096
51,-113.84183997574911
52,-36.73960059551541
53,-163.74612058826855
54,-189.9725137809134
55,-231.0788774679186
56,-85.72416158777084
57,-112.14034418841544
58,-234.48128826884692
59,-91.17076532242692
60,-190.69632064821292
61,-144.57650015313826
62,-71.09107815008582
63,-119.75282235431581
64,-102.3521044956745
65,-81.00561949823114
66,-96.83010865882206
67,-90.50384560058943
68,-89.96313564203577
69,-123.41460601298877
70,-45.43693455959571
71,-84.976583780251
72,-100.22073257205
73,-57.302571041333756
74,-59.76897616087713
75,-58.463279219876135
76,-150.0569503070784
77,-22.20426196201535
78,-80.32081567059119
79,-126.89084660157167
80,52.97820451021867
81,-17.710407347886814
82,-60.4507142195652
83,24.882553564095012
84,-45.46832863327556
85,-54.048120810237975
86,-9.783831355637874
87,-10.447579758313674
88,9.619748031144553
89,-120.5778265573809
90,-45.665074455375034
91,-19.769297733701716
92,-17.697633723381326
93,-66.35145836767774
94,-89.69458731499417
95,-42.231235406663
96,-4.684794268468423
97,-55.28919922444109
98,-71.95783355897224
99,-48.99191281915907
100,-109.35602506275454
101,-176.05385834750643
102,-30.643862794639112
103,-67.0222851721592
104,-106.45212742667695
105,-234.9499234100148
106,-63.24270001623957
107,-157.46164911345574
108,-82.60721229005311
109,-47.59171051385239
110,-69.42677670488554
111,-17.870959871505107
112,-161.4458168488887
113,-101.28746399750031
114,-72.7895834053756
115,-49.481240548141244
116,-63.31885649249618
117,-50.13564915421303
118,-39.38403417247863
119,-66.85674881734349
120,-11.630223873470475
121,-65.39935789146345
122,-17.70297761923688
123,-82.06643382417205
124,-82.37718136249693
125,-41.36940538966823
126,-68.23699582407086
127,-39.73438572629712
128,-52.5118223289997
129,-82.95781436989365
130,-79.89032565799936
131,-60.29841287695547
132,-48.22962234944877
133,-38.20868565409553
134,-7.829163913401534
135,-61.468556910823395
136,-62.30148986150392
137,-93.00044713069666
138,-74.6097631167559
139,-17.893026097103796
140,-41.30732642585431
141,-54.381235347571426
142,-74.15961616228155
143,-65.98577644281443
144,-52.08860199414912
145,-76.65496029475553
146,-32.88469357201247
147,-57.369411849927644
148,-65.46453020927393
149,-56.63338978683216
150,-61.330808901594736
151,-70.59862126781967
152,-7.215074583157436
153,-68.25462611182974
154,-52.14780012993607
155,-94.33328577432586
156,-31.53555033615715
157,-50.310299931124725
158,-40.35190244114745
159,-22.100042624059423
160,-65.03732915656555
161,-75.92921913794395
162,-56.81054504688653
163,-61.10907495404359
164,-39.217533631710275
165,-98.73641428346119
166,-35.88929122841032
167,-60.234325458262624
168,-50.387368285348934
169,-99.22954612722772
170,-72.18029956389597
171,-52.99651133627634
172,-49.589107948386115
173,-83.14153804781807
174,-89.24672757394195
175,-47.88305419597658
176,-48.184130166242205
177,-37.38021608851381
178,139.87717542283275
179,125.61389086079645
180,-18.75073841332167
181,-94.39692664425888
182,-59.23301261120134
183,-52.75475410854595
184,-50.25336483209082
185,-28.798422084078858
186,-21.05343968198858
187,-35.70291556946952
188,225.06915751472852
189,-31.31354788698374
190,-28.668585731361546
191,-111.56322774557209
192,-63.64254985756504
193,14.660261427185288
194,-92.54828196041197
195,-49.12873551649207
196,-43.937495391486884
197,-10.946445994720339
198,-51.69249574232695
199,-87.78651146461212
200,-7.680976253214296
201,-69.97131475202379
202,-14.449767911071879
203,-17.800429659544147
204,-26.56456439894323
205,-27.343513655162848
206,-39.61760622313958
207,-8.661262874155069
208,-61.084461459766516
209,-33.10913613953674
210,-26.811713007507805
211,-37.14672770919511
212,2.754422957168048
213,-7.345018928290631
214,-5.189982771098205
215,-57.29234382033643
216,-46.387002293696625
217,-27.695862751263387
218,-36.089445437082965
219,-60.123492787243535
220,-63.1427389946388
221,-38.08034276940019
222,1.2823116831754509
223,-19.7752252876203
224,43.08716712462399
225,-2.4703252031632115
226,-27.638862581168617
227,121.52156548561624
228,38.167488259600255
229,192.50701264705725
230,-100.18953944287007
231,141.81808117764223
232,-21.60927030200857
233,268.6307983858678
234,-90.86617190553574
235,3.5366080905726127
236,138.91095130456364
237,199.371288868418
238,-32.62419472072065
239,39.12634662797592
240,39.92398222290615
241,203.14431368096498
242,100.92352724908973
243,247.68004883851748
244,112.2564232483492
245,70.51208061457459
246,-128.1908107948309
247,126.03256883314502
248,37.890973719047366
249,145.6244378037176
250,-47.5345084749698
251,-8.068645385957154
252,-69.4663489285359
253,81.12135038197951
254,159.57917029859902
255,-3.8685443132302586
256,49.50752974560697
257,232.02525937694347
258,41.38972545043514
259,80.77688895960067
260,270.5479654991448
261,152.87904024737594
262,47.72209908877479
263,210.43593005074135
264,97.3837101964059
265,57.307171378961314
266,164.89115221456132
267,-27.57697181509652
268,71.8978839172374
269,183.539259410155
270,185.35277632801706
271,52.188848023286624
272,40.522894145149635
273,279.5044998037605
274,-79.0526221202796
275,218.77415497355037
276,194.02794805361287
277,27.846027310207745
278,74.2535721892168
279,158.9305260918341
280,66.53929850119881
281,52.611324789644236
282,99.51449488603613
283,177.22918749805797
284,205.52900951814115
285,111.83628053225189
286,212.94163576344164
287,232.51885785399008
288,221.83464001837916
289,100.16374314938233
290,241.16854899089736
291,174.58097982211692
292,106.73734587587397
293,149.03572143643623
294,108.32717746725444
295,239.56530407484837
296,17.685471458954993
297,-4.982549859507287
298,12.201259508331527
299,198.52371344630174
300,234.848233861509
301,212.45180560145883
302,205.0177218251737
303,202.02731537840418
304,201.85700385970887
305,253.1104256897452
306,214.87008664701577
307,213.48153981817336
308,205.2183856034605
309,197.58865617968863
310,256.3787268170046
311,221.83693764012477
312,233.98520898020655
313,176.3849225859156
314,249.04944374780166
315,222.59025449970136
316,190.8243533443331
317,203.26633016863835
318,193.89000759775718
319,220.30791679835144
320,220.3777149626968
321,235.86898961869005
322,244.27990107677098
323,198.87436011808438
324,199.5087045492008
325,240.04213226861066
326,239.3775430946877
327,226.5052202610118
328,162.1329394238776
329,248.7871136361383
330,243.51784328221677
331,235.20707829999384
332,204.06754115899474
333,239.24407168829396
334,216.55538344985996
335,236.80498545388423
336,255.95481173952385
337,264.6810519629412
338,197.793692920762
339,266.622292854014
340,244.10842660793887
341,182.52208032405684
342,197.7117817148596
343,232.08185476575605
344,223.30171639620295
345,213.08437711442747
346,286.9591663306843
347,189.73216771990096
348,253.50000693917025
349,288.56868082506276
350,239.20302869027995
351,243.20477073201235
352,212.7024836931615
353,263.747039183129
354,250.19245040776462
355,269.96509000606056
356,249.8616439530069
357,254.59371258683456
358,215.28776666484902
359,276.5723455427918
360,288.2627756995716
361,259.7783105081526
362,293.17812144623105
363,271.49692114368736
364,257.70565813287817
365,247.88717533964027
366,281.44792215419113
367,248.9055382389364
368,262.2337386797034
369,247.129828744579
370,250.85888181236868
371,264.1255026999144
372,249.90383380934676
373,233.83918971486514
374,255.80577389714577
375,167.2944179185261
376,247.4570305432906
377,244.57553415840374
378,245.01861115530926
379,244.09743456296388
380,271.2126043063496
381,196.01333678806918
382,256.0999057571632
383,271.1014424325217
384,285.289192275541
385,221.90373858515392
386,209.037824964877
387,281.5782530766509
388,235.48561658853475
389,256.12436287942853
390,263.88591939224744
391,267.34108311510914
392,296.12739193968366
393,250.16863090295783
394,264.92144847743907
395,255.7960667565916
396,273.21325710602804
397,281.882102745928
398,244.37775219684772
399,273.43435664345884
400,256.3307833352413
401,245.27291914185562
402,294.2234350827197
403,245.92554070074732
404,214.23370143541717
405,270.0512462035788
406,270.52662057332077
407,278.13976464698237
408,294.46625902493787
409,264.5784504083481
410,260.21548747285357
411,282.06135575793365
412,300.2440933539404
413,276.76455309206256
414,258.9470909421956
415,279.4005495093711
416,243.303735273766
417,227.4621420020919
418,259.8181434245856
419,284.34606372435843
420,237.29382263517422
421,260.45546743952036
422,250.0120719865355
423,267.47683967643565
424,281.92096824261955
425,271.93388416502535
426,258.9865443203202
427,262.6904567519905
428,283.32278890392524
429,285.8312315740831
430,260.98012796089824
431,247.81397197064487
432,286.9831855973087
433,240.36977106035295
434,249.78011682001812
435,268.63872273155715
436,277.91190724214675
437,253.70814989218937
438,280.1877410604186
439,255.79814352239293
440,185.36197323585165
441,273.4237138209422
442,234.3840336667337
443,251.91315678548128
444,290.8409439674411
445,283.55578209172927
446,287.65697496933603
447,236.29056867582614
448,272.5937485850775
449,240.7341460289236
450,145.78910302724168
451,237.62766209956874
452,270.2718258116871
453,204.89839065210072
454,257.18293168491175
455,277.3576918084454
456,216.21140375333633
457,288.49531171036097
458,250.76076807053616
459,269.4631590349434
460,284.43213041829836
461,281.53079517158335
462,244.11050220565375
463,280.52980656261286
464,245.16265012669422
465,284.4248937247748
466,260.77860316827457
467,-8.616162365811391
468,252.49515980738838
469,262.5935162065702
470,265.98790419505724
471,283.17384413872276
472,234.69415292944856
473,279.7484499668651
474,254.2085760851194
475,249.00415836533932
476,273.47151693124516
477,260.67468528841084
478,275.15074801501225
479,275.6347594403227
480,159.7435593784283
481,260.59742136314844
482,246.46641980465446
483,268.74832850356245
484,276.0968440748843
485,219.70961358991104
486,243.77906913486382
487,247.82136739265587
488,270.0889105071054
489,288.6337782502621
490,232.78684403246132
491,291.5491840182324
492,253.84659598871633
493,283.96850845865106
494,258.0440383217387
495,31.971331245643142
496,288.1421355507741
497,188.4580477979618
498,276.0540469359115
499,255.894211865842
500,242.91992287911413
501,275.716763797001
502,257.83923622009047
503,265.3517936729841
504,280.71287954599813
505,281.2552952445652
506,225.18895995399814
507,250.46829103507125
508,247.92371291291656
509,261.9860854521546
510,276.8557196999533
511,247.43813035727064
512,246.08575586743063
513,267.8742326579691
514,259.86590576644704
515,255.8054339720697
516,286.6665369914132
517,263.432716668931
518,296.4129907885732
519,267.80222638942274
520,206.61193543820204
521,260.00213854033836
522,265.21105000563045
523,267.0187914881028
524,277.7243669452908
525,260.7161462396224
526,247.58399654018757
527,251.79545376654207
528,262.74501380816855
529,271.54366252845
530,269.897719839922
531,265.99965894649824
532,270.52638617615014
533,293.7806785047118
534,249.6877543455343
535,252.04121373983162
536,299.0750718350131
537,299.25638884758456
538,275.85785179471316
539,262.4814093070305
540,270.3790368504408
541,255.18805623489715
542,224.11383590105905
543,284.5475176319133
544,266.069349960208
545,268.96951011788076
546,251.3781582763649
547,271.41942270974016
548,299.58685000866353
549,302.4725247571512
550,283.43062612987353
551,277.201016608031
552,297.9020628180431
553,263.6293735702762
554,218.69293476215162
555,285.6144173683816
556,281.00078177191665
557,224.3736607338733
558,261.0698188754668
559,196.05801505720166
560,297.62281819425306
561,242.0765671338644
562,267.8297651731295
563,261.0805224782429
564,230.3446974808034
565,303.33778402246855
566,234.50388638972993
567,280.78284057888015
568,273.8055883591884
569,214.94492748896496
570,255.83659160044803
571,293.7080216956641
572,269.5071018745834
573,273.27266488076293
574,249.6296680778863
575,282.75066659963835
576,282.1502336384501
577,256.4216381058218
578,294.2185221418521
579,276.7673002412339
580,276.4536159847016
581,240.63130180607422
582,272.8092382632891
583,-76.33649955605398
584,285.55211141956084
585,281.79591241704645
586,273.61912511764865
587,241.07541007235287
588,199.15129952885053
589,240.82196308046218
590,286.2393116469723
591,257.7724305122856
592,283.6666874817621
593,246.71208199273474
594,236.00031278028032
595,280.1138233596267
596,256.8179952135263
597,263.3232134364421
598,275.09642874862993
599,273.73177846776605
600,225.5824105970445
601,304.14942080430495
602,250.33783504460536
603,288.4207237023053
604,260.3164952194969
605,259.2131248024031
606,277.54115111651674
607,218.84546639699653
608,252.97040431665098
609,310.67501952179276
610,257.59339946311377
611,269.2435471197771
612,286.3763023457484
613,256.9532167269915
614,272.41223476958646
615,238.86863564747875
616,231.15070377741475
617,277.6569892844274
618,280.9795838931158
619,238.03840105092294
620,245.04594729188602
621,268.5902176650062
622,266.8221748802882
623,279.3227866945964
624,248.24535928847342
625,234.21209318401048
626,241.27510534860306
627,261.09032789170965
628,248.35665046269605
629,280.7407486352587
630,250.41579007139626
631,297.3530482171162
632,247.80774104462853
633,247.62926868976263
634,287.5807640150842
635,228.32277668063375
636,293.2669872898907
637,217.9144998266165
638,216.77683238615646
639,248.54788045118815
640,221.01556020328297
641,275.0240058638784
642,275.4751452582355
643,262.8635671289599
644,306.0425458371365
645,262.2853367110714
646,266.1738621685014
647,264.7931308311985
648,284.5445089213208
649,230.7974463241176
650,265.05061538798907
651,271.7836202261706
652,250.5483195722172
653,283.35988328531863
654,237.03010528181838
655,224.50018807865797
656,262.2082292497801
657,257.05950755368644
658,231.6590379371218
659,298.79019451615545
660,234.52269348363993
661,261.6056356683624
662,268.8949198841577
663,272.1677349040732
664,294.5134464128199
665,306.66128473880747
666,278.3794543916581
667,279.84243668663976
668,281.83205745316803
669,268.5595576329413
670,302.1438468024088
671,232.1205577581804
672,256.8804560537405
673,257.76638475706454
674,247.93827350180004
675,47.55358226784719
676,264.20019647877405
677,275.5234965305897
678,241.53331823084721
679,257.53806140989354
680,302.5722608889271
681,259.128972397215
682,242.93412081351687
683,290.5130201834097
684,251.28869043253496
685,305.23133603189274
686,286.2705670796943
687,233.78060359683386
688,273.86031590223286
689,261.2923798214706
690,215.24074769656204
691,250.97108704893552
692,281.84942349713185
693,234.06663727517463
694,302.2740009143097
695,293.7008246843658
696,258.48760736296583
697,262.9777251966942
698,275.3539085175826
699,266.08138897714275
700,268.39922621853503
701,258.50982100827537
702,303.55584390993
703,297.199748902933
704,274.4987372228958
705,228.55256697695208
706,286.0991397491799
707,240.13512658078434
708,258.11385856694733
709,256.94212852910766
710,240.3982650167097
711,253.27269768658
712,287.89773450085136
713,266.60125971238267
714,266.67307295614194
715,261.82509604881784
716,248.16686719454435
717,234.6365041845886
718,282.19562702699557
719,252.84182402617898
720,303.0439379288888
721,301.22698400014394
722,309.4929127803093
723,268.67621521166956
724,271.79465697092326
725,253.58853406834012
726,256.54465766917036
727,276.52026298462727
728,290.0444717138689
729,268.1702752232111
730,296.0557306009971
731,244.63537695418066
732,277.3642790182335
733,269.49929243965005
734,258.15353420933917
735,269.9270622889961
736,274.76422078378596
737,297.97587215293726
738,-191.21478723200437
739,260.3282711256722
740,266.03516756118063
741,262.2432859218635
742,275.46634185912956
743,229.0744426074085
744,239.3253647290156
745,297.1617618296508
746,309.6328267512254
747,270.19692857143536
748,270.5564443994666
749,209.96825406613198
750,275.4739325239061
751,257.0406980611105
752,297.3832649968615
753,264.3261522617991
754,251.34989932005055
755,281.0947267558959
756,263.2688312122652
757,306.46308100268425
758,242.07211720902745
759,236.5320142861691
760,262.6966074247839
761,294.47086462281754
762,269.75146097270465
763,244.78912114209572
764,278.56369078902
765,245.69878729469272
766,262.90982470045526
767,272.8672994656335
768,277.1978981770583
769,289.2422768417509
770,244.89404747617368
771,285.68036328656274
772,250.70358889752
773,277.5084065731312
774,290.25137026033525
775,269.97905990561185
776,247.17061544801913
777,261.1311343073584
778,290.0706147115214
779,254.63576101771446
780,291.52045837093044
781,277.3236879800832
782,298.4715778881377
783,254.7980984731575
784,265.5978600835992
785,289.268117468818
786,283.5797810627977
787,269.6713792762125
788,275.29701392178947
789,257.1615947284692
790,262.5452247827044
791,291.7525955362214
792,240.43085447415973
793,292.21642200647443
794,246.58184414342898
795,274.4221181617413
796,276.75511949524207
797,253.46620847796137
798,302.76489042183664
799,269.64264210778504
800,271.472229707269
801,272.0526114834515
802,299.4392533970089
803,273.53558203592524
804,250.98094092697073
805,252.32398956076523
806,273.2883461601112
807,291.32901350947475
808,261.70608034660995
809,296.89542678229157
810,275.3391650719906
811,295.1533809745231
812,287.51450417551956
813,264.07500098629794
814,308.0241737694139
815,275.104993138531
816,242.2810162035156
817,258.4848802076024
818,297.59958531933995
819,253.26099499609418
820,259.3802748855171
821,243.11476362598628
822,261.1310864619559
823,293.85845847142707
824,295.99685475327755
825,264.7000646845301
826,278.8369111083206
827,266.2729172307834
828,266.2504329736442
829,297.8899282577288
830,297.8027231092466
831,311.7891466941545
832,305.5814291372224
833,280.9644845686024
834,286.4036300677358
835,262.010994588327
836,278.8948135838518
837,272.9722095585061
838,204.44676960546747
839,257.66473462378735
840,288.8780988000082
841,291.27408284960086
842,242.58628923914904
843,252.4571582855427
844,232.01752349713766
845,262.4197057044379
846,271.283967031541
847,257.2631100895402
848,34.85566322627881
849,276.012488020753
850,255.18139117516318
851,267.575199010123
852,276.33813486314807
853,290.0153860938332
854,268.88090286149156
855,305.2314345034948
856,220.85750851633793
857,270.6035730426638
858,231.9323291939531
859,288.8240247598135
860,-10.874841987800878
861,288.4076851732376
862,246.26775838332364
863,233.3965986435073
864,277.1156861514088
865,25.590162314850858
866,280.64755101553646
867,260.0671684019087
868,292.96563753550095
869,267.1093504153355
870,279.9927228355307
871,302.83391387648203
872,258.0162932895155
873,264.6875806791695
874,258.64550943562267
875,266.2106018658119
876,219.47566019574836
877,304.412836071583
878,275.63129486467375
879,302.6576384707288
880,294.60397939168865
881,320.81091050088025
882,300.2911534068289
883,296.08234719009585
884,288.62470995161164
885,252.622662070506
886,247.8593702893428
887,296.93526480582307
888,271.8857794674395
889,284.0796827105044
890,248.84152043715892
891,259.46990370493074
892,296.77257484784525
893,281.5030803022321
894,303.89899454779254
895,308.55337427243376
896,240.1014630783006
897,247.31833825693542
898,267.7345988943163
899,285.8628276404142
900,293.7679085122741
901,302.9888309010447
902,254.99776975710915
903,237.9019546417753
904,259.95686680081343
905,278.88077620781587
906,311.0367149299874
907,267.5072481337344
908,273.5042161142212
909,298.37489246943414
910,291.09062070958635
911,271.05473388309406
912,283.18906218664995
913,247.71751106444637
914,294.72178023048843
915,276.1002912557004
916,264.27760406333846
917,295.0464668664457
918,254.944222728087
919,272.4469676034848
920,268.23515923205116
921,294.1502961160761
922,249.46474603925924
923,255.50890943785703
924,284.1359107447554
925,255.11423086206537
926,260.72884539213555
927,-19.993546851990175
928,285.4419463623934
929,288.7443180478091
930,286.97030722017405
931,275.7080486920041
932,300.704276077194
933,275.12750584258794
934,306.38617988635497
935,293.5078876750747
936,283.4979304584069
937,266.7205749527373
938,277.20533734726837
939,268.96689935195843
940,283.4989498430797
941,259.2861783584638
942,312.22866702685064
943,299.97649661225256
944,292.74668592968584
945,258.15521051901754
946,265.19833826492015
947,64.2387978996907
948,253.5323098665531
949,306.7821490413843
950,262.9785862694548
951,250.6679074691926
952,289.67246446942386
953,274.92682064947326
954,247.15063389880618
955,281.0098515989846
956,284.39699187853694
957,296.7692966321642
958,254.23791789315067
959,298.31485272293116
960,282.7471923053928
961,262.00746281534646
962,263.7444295942786
963,259.4833522728636
964,274.96971440088663
965,260.8656640236585
966,258.86522859310355
967,255.8989994884623
968,295.64663150925514
969,274.6110061625599
970,273.4379859571346
971,246.83407538119573
972,174.6446103223118
973,304.7038731625622
974,0.08881275333402527
975,247.96927671066004
976,281.9650540465849
977,247.75523185821012
978,33.976098358185226
979,227.40084283003551
980,299.62764090911895
981,225.06348641742574
982,228.4642633753911
983,270.9974540977129
984,221.19675327676535
985,308.88072601534566
986,286.8285189532893
987,220.74488977731073
988,263.4925682797199
989,246.31355195896955
990,259.595066244032
991,276.67506681071563
992,260.9872775910967
993,238.18810693714832
994,260.2049505766116
995,279.51979097160665
996,228.13557717134097
997,278.75825139923904
998,256.6748635119275
999,271.3489466715538
1000,251.54968900571455
1001,240.96690101289968
1002,209.0820043688112
1003,269.9417007528786
1004,247.1880055054769
1005,293.83524749260675
1006,263.55319426559515
1007,263.52917671999296
1008,245.9316073858058
1009,245.53036954830978
1010,270.40161852799275
1011,267.98189740335
1012,294.98214724333843
1013,44.62413752239263
1014,252.39544143821405
1015,269.53804396755606
1016,286.4601759023392
1017,270.2398120620777
1018,277.70246306041776
1019,250.58658766222467
1020,289.8952194579126
1021,256.45359707675806
1022,248.09553001756865
1023,248.08268868964782
1024,240.39028534705744
1025,224.1812855279891
1026,282.16606560132954
1027,315.65352930886695
1028,275.2497380020294
1029,309.850655517923
1030,282.3141896022312
1031,293.61761104410783
1032,277.86255484947196
1033,241.02315258655182
1034,249.81017667994251
1035,287.34837454374747
1036,274.94355930758314
1037,267.95717546362187
1038,253.66585142353046
1039,233.15594232630647
1040,294.0526028442873
1041,228.56823745701993
1042,268.23709210692635
1043,245.8089616739982
1044,265.3828432497705
1045,259.6265707369205
1046,264.8861219736355
1047,285.6369380750273
1048,280.3805275017828
1049,284.4238643201413
1050,281.1594176576384
1051,261.2025921564758
1052,252.54191955897858
1053,240.6889547696616
1054,270.95626037947864
1055,281.7171750875666
1056,259.2766849449664
1057,280.13419874308784
1058,299.6144741667189
1059,278.9672837086797
1060,251.93947366270353
1061,261.33050823983694
1062,247.9535400901818
1063,288.87980826551933
1064,279.18953350595217
1065,276.57252530460437
1066,290.2652154214876
1067,251.291157071271
1068,235.6609356803415
1069,268.6721391237031
1070,298.275478457541
1071,255.72820214303454
1072,270.6465918916393
1073,289.61969693255946
1074,279.4493492481678
1075,269.867218586284
1076,292.1114274554199
1077,308.1693850743699
1078,265.5728104700837
1079,282.92102739968163
1080,250.3632712408282
1081,297.1348463343876
1082,318.66402462996837
1083,287.55469537745535
1084,287.84234613105394
1085,280.299506186482
1086,243.13528154965977
1087,252.74944936348683
1088,271.1479127054836
1089,277.3592851805539
1090,281.7585491661167
1091,286.35580350230305
1092,286.27372965140336
1093,269.3256308418315
1094,280.3540690797744
1095,248.16768466307133
1096,311.7828245870411
1097,277.4162582273324
1098,267.0624595068996
1099,264.75346692731483
1100,251.3193599198667
1101,279.36706169655895
1102,291.19345285387453
1103,278.08821347174126
1104,287.18035090526655
1105,270.0403883504655
1106,300.87941201113387
1107,273.2115585346158
1108,260.0930102443265
1109,241.32710826223015
1110,227.73759321201686
1111,278.3521482616541
1112,274.7195538726735
1113,155.6400053641645
1114,270.7524576668764
1115,229.9284874675074
1116,277.7569802617826
1117,163.40176167827087
1118,286.1901860495803
1119,242.78583285320983
1120,260.6109615100962
1121,246.49225117241247
1122,262.6325481088977
1123,252.45670917557783
1124,270.6956950659337
1125,235.4970032948694
1126,303.7654682250918
1127,283.71470642937993
1128,269.8267448112818
1129,238.34715178709092
1130,278.55042906279607
1131,288.0917247616003
1132,284.41545721308773
1133,263.45499321629273
1134,306.3388162829437
1135,313.84141921527
1136,232.83880646017263
1137,270.1974914124163
1138,284.24939227359687
1139,286.28558170391193
1140,274.77257079486765
1141,294.9975198790107
1142,269.49060008878405
1143,280.4267819283609
1144,281.0354422299107
1145,268.45122528605145
1146,267.1793694089033
1147,270.5953193192173
1148,274.17296622355366
1149,280.1835720849029
1150,232.40222160497373
1151,274.4683681878806
1152,267.79669189501067
1153,291.7682901966166
1154,234.65535372193878
1155,273.8368618793275
1156,255.6250601870462
1157,287.0819096261209
1158,302.32527277602105
1159,264.28851179773176
1160,284.1515053791617
1161,295.6690284369136
1162,261.18060816752416
1163,282.37285145618614
1164,288.1722926792149
1165,273.11962195371086
1166,292.2944978654183
1167,282.3943807772338
1168,256.5281889000156
1169,262.66239042524563
1170,255.15737695052002
1171,276.9462905344152
1172,272.5505950011834
1173,259.2539112123503
1174,260.3511779228618
1175,268.4654994324449
1176,309.3284010058287
1177,248.62132057811365
1178,242.12916389787463
1179,231.9897607722396
1180,276.75118750715166
1181,286.7628115984845
1182,242.70138750535185
1183,295.847561811388
1184,277.89775606640285
1185,278.39862245924843
1186,266.32351836071325
1187,272.65736031022
1188,296.0400471231501
1189,240.7116460261845
1190,275.84544282068885
1191,284.40553468395683
1192,249.93593637582163
1193,258.04597342258285
1194,294.18827386624287
1195,263.3568168467268
1196,300.4492944270387
1197,258.74580467780197
1198,251.96004887278502
1199,284.778996122992
1200,276.2928541743411
1201,295.3823903158779
1202,257.04049091448564
1203,277.2997428252584
1204,271.4419310437265
1205,285.3359572065272
1206,295.32846039554914
1207,296.4916164893725
1208,296.24143134753905
1209,268.21987496649115
1210,305.0607635252952
1211,244.02542472519778
1212,228.17867143406684
1213,258.74101221262003
1214,261.7937348265083
1215,259.68044445950295
1216,282.11337461553535
1217,282.28235255627186
1218,308.68457447519836
1219,268.4996850238142
1220,281.45829553010805
1221,235.97876350767396
1222,295.6303587827406
1223,26.67506097752232
1224,248.5945458604043
1225,246.98937905225094
1226,248.65758578236583
1227,269.5011734666025
1228,243.11840036956582
1229,244.64534834411626
1230,278.6410580026097
1231,294.3140116697306
1232,286.8477287462007
1233,263.30377294814946
1234,258.9161711568506
1235,251.69998242217414
1236,281.9404453128591
1237,255.5415124842385
1238,276.91231347847554
1239,276.10994712314505
1240,292.5622410986643
1241,260.1944522792345
1242,284.7209858549336
1243,300.19769891693426
1244,248.45226708818873
1245,259.0237220197219
1246,252.61974286475728
1247,257.43853403964334
1248,296.86682018936233
1249,301.3710151434866
1250,274.6949809578798
1251,248.49143396079597
1252,289.07126487951956
1253,268.2896363234777
1254,293.9263016378147
1255,287.2023425008641
1256,284.0935875309292
1257,260.6900198816483
1258,282.1057120147358
1259,304.24155747287034
1260,273.5073685467462
1261,285.4703565508356
1262,274.2600785613301
1263,270.00187301707524
1264,231.82381783927846
1265,268.6318111408102
1266,293.4303926455681
1267,232.1351685560668
1268,256.64972685210483
1269,297.2477737810858
1270,308.5064707841916
1271,289.8545584572689
1272,283.28016018848996
1273,295.7837886255786
1274,265.51158941538495
1275,266.3060568988635
1276,248.6819812613448
1277,314.9620379549241
1278,275.1839230615754
1279,287.28953490127304
1280,251.98784028954395
1281,283.7029340514364
1282,244.97280080542455
1283,261.96156388398674
1284,240.0287710827219
1285,266.7911340815298
1286,265.7122975432819
1287,223.4102118344701
1288,239.06630008491288
1289,294.50125973858627
1290,287.7263880695456
1291,280.76596219099326
1292,281.76150845360905
1293,313.3845422566497
1294,307.00335203697273
1295,268.098378702965
1296,250.9631662773412
1297,295.98382689581
1298,256.55608625878926
1299,259.94435631306555
1300,279.6746346109949
1301,281.0973073833859
1302,241.81786010628946
1303,269.96377440550344
1304,291.76905966853894
1305,290.90275220782854
1306,270.953507526169
1307,267.6171909871139
1308,273.4541547761943
1309,263.8464713775377
1310,273.21361761696215
1311,264.3642548431694
1312,264.59812481239635
1313,-334.15224904014207
1314,293.53489381235397
1315,241.72487862881152
1316,263.07548950935956
1317,276.789591507899
1318,266.650868222138
1319,260.0010418467068
1320,271.1830259434902
1321,240.942552652038
1322,280.1932895049945
1323,212.4581975109146
1324,263.38057141624404
1325,286.8242087814986
1326,265.4801761394763
1327,286.9284755753139
1328,263.5297388058871
1329,269.2067762006899
1330,238.84803985724255
1331,257.01758207661555
1332,294.3612893429127
1333,262.89370358429926
1334,248.2689517405835
1335,284.4222864256544
1336,243.5723361450951
1337,262.4736148789866
1338,260.08887993141525
1339,266.98198630769775
1340,275.64448400500737
1341,285.8744346618945
1342,241.59900904181129
1343,262.21430060863645
1344,266.5353468620426
1345,302.52558192950914
1346,298.9017769846462
1347,250.9329267033865
1348,268.7399450401722
1349,280.5252443759417
1350,279.561041864602
1351,288.9192459271273
1352,299.8528582379264
1353,280.6961202359211
1354,47.513216955795
1355,236.70998671125344
1356,273.9469579464502
1357,258.07599890636095
1358,277.8936298410909
1359,248.89933887466566
1360,286.3276559494312
1361,301.51898936045393
1362,310.35087178667743
1363,262.98020027251255
1364,248.78765176941505
1365,273.08637627265114
1366,281.046498821192
1367,265.15778877619334
1368,263.89781026719044
1369,276.69788313930536
1370,265.4331508213505
1371,281.4709452183216
1372,263.0290177836358
1373,267.76303959165415
1374,246.96786401877677
1375,255.9937563154295
1376,277.74974856731603
1377,277.2932520001388
1378,239.95929622554712
1379,278.2651386486263
1380,297.81120978325737
1381,287.51809013347827
1382,283.07892231869187
1383,292.2388004749181
1384,278.26209836382316
1385,263.57973180965615
1386,264.1906184848759
1387,259.9809958807617
1388,230.61701361306257
1389,265.4981087758712
1390,265.6826094393357
1391,281.17254412638795
1392,287.01324945559054
1393,254.30700485359935
1394,259.97272158387165
1395,280.1245198401492
1396,275.38713287312356
1397,239.66110980358212
1398,276.42232567558733
1399,267.7744463172881
1400,268.4919281814193
1401,265.13661757426723
1402,244.69973472758116
1403,281.28692550553103
1404,272.5115604252815
1405,285.0952349251046
1406,292.7186210571333
1407,276.9287691246699
1408,299.2985064787631
1409,291.6338439665258
1410,260.5060640316286
1411,44.40040684638305
1412,259.6416204121255
1413,43.45605553142556
1414,285.3107907626619
1415,280.6614253561104
1416,288.7696944965497
1417,252.96540036177714
1418,269.50446860678414
1419,248.4459532699393
1420,279.3225637068671
1421,253.10864807892975
1422,264.1921862531322
1423,271.8466298148036
1424,307.94903702584327
1425,272.60474780371766
1426,264.97810060846496
1427,277.89815350477215
1428,267.699601108783
1429,282.76434781717734
1430,296.5837631187553
1431,270.08386175096734
1432,248.03011913865316
1433,294.19108860806364
1434,256.6024657091499
1435,273.3136091952041
1436,253.94978753239684
1437,236.8952051586711
1438,278.50034871140394
1439,234.96826045491588
1440,259.2477064816211
1441,272.80219069795316
1442,251.7249411677368
1443,251.00582002441223
1444,227.91250199273864
1445,297.9801068417319
1446,266.4517939155903
1447,301.1639272159174
1448,270.89877836220353
1449,263.7853262385697
1450,277.7142926108891
1451,308.8931725954051
1452,281.8796358087028
1453,286.6892138601927
1454,281.60046531177267
1455,271.04857695963017
1456,277.57064933361136
1457,292.31714668124334
1458,264.1190072909544
1459,271.89973711577306
1460,284.75609806372603
1461,283.3745968861921
1462,285.94089741920453
1463,296.2718265614353
1464,54.60816009269743
1465,250.20509502701302
1466,294.5340774615781
1467,275.8327304847455
1468,282.8605069007991
1469,253.17210197024892
1470,275.04262689411723
1471,274.01894386356446
1472,264.6087191681004
1473,252.65342175805154
1474,267.5908106803762
1475,22.533474665211713
1476,259.6073954560542
1477,253.31864677799646
1478,303.84502247644696
1479,309.9640124044077
1480,292.1855979631347
1481,255.14036885660784
1482,274.49995371685316
1483,264.01588929903903
1484,130.74017935600307
1485,268.2418814997774
1486,273.5131688031928
1487,265.1719005460958
1488,236.36199294928326
1489,272.0424644868366
1490,279.1814033981824
1491,246.54037640515892
1492,262.4128089976024
1493,270.5771332938906
1494,295.95123228768375
1495,276.6236588408308
1496,262.0223549530391
1497,252.4206259256577
1498,271.87445323668953
1499,260.0514374647312
1500,280.93617487148305
1501,279.30682291507674
1502,255.37762828526093
1503,260.11944255721517
1504,243.64640972654996
1505,261.79047145757045
1506,280.92254981182157
1507,237.48855220479496
1508,274.95490970322
1509,264.5105513843846
1510,275.81756449413024
1511,262.3638808146118
1512,238.4591533622643
1513,302.65473856414195
1514,291.5273404443927
1515,287.52181638074615
1516,288.15844770208184
1517,274.9368170254769
1518,286.022745258343
1519,275.2730669533207
1520,260.6427387570171
1521,259.12077487369595
1522,265.4519215851294
1523,262.57867792208333
1524,260.3369466881629
1525,256.38173600392497
1526,285.28010906933713
1527,241.33109340092102
1528,271.49708207778804
1529,276.54406284558524
1530,290.2518719762222
1531,283.2086228718675
1532,267.85200482765606
1533,282.8532650317378
1534,280.23895203855443
1535,210.50032947428764
1536,-258.47803087833597
1537,213.38215739837133
1538,-309.900894825012
1539,295.790635621242
1540,261.8265575729727
1541,277.3518545154553
1542,278.74109162067316
1543,277.46699759435785
1544,257.5865009871414
1545,248.07118302004247
1546,276.13613729801716
1547,244.53464598738728
1548,294.49115002594465
1549,31.748035474429372
1550,250.99054929684888
1551,251.37413649471537
1552,271.56745053952113
1553,257.89317180452963
1554,309.42729071658863
1555,304.1121626707147
1556,251.73701114160843
1557,62.53793582514757
1558,232.93064305422922
1559,278.6521453078433
1560,279.8182171999929
1561,281.1284510001311
1562,244.4020331060146
1563,260.38918717916664
1564,254.03926791063785
1565,142.6984150226391
1566,254.22540382288486
1567,283.17980002400816
1568,288.42809670465647
1569,269.03079413543344
1570,283.76332449125925
1571,205.1516634545854
1572,264.6786597592909
1573,254.83713004565686
1574,250.1827755437729
1575,82.453120555722
1576,261.69958263884155
1577,291.8709567978932
1578,244.96772163668885
1579,248.1738204308444
1580,299.23242154381114
1581,279.9507757158777
1582,267.9814024875285
1583,270.43418680165246
1584,298.24671170309705
1585,254.37294531202238
1586,191.50232389385405
1587,254.14930700898464
1588,277.07534643693185
1589,306.4214235812859
1590,-305.9988031037468
1591,-582.6418596071777
1592,254.91246250886877
1593,274.350237902007
1594,300.6439324240531
1595,298.59336023695323
1596,246.27398255316808
1597,243.6761522375782
1598,317.8316817223813
1599,278.43352271496724
1600,242.73495006789054
1601,283.26129837733083
1602,301.4282466344012
1603,283.49701800454136
1604,295.20475399936333
1605,273.53266920649173
1606,224.1644485111043
1607,301.67601700955396
1608,268.890780442507
1609,236.7639356202142
1610,54.9182765206516
1611,298.9322868100047
1612,276.04227364497063
1613,251.0411482500047
1614,266.6214696811833
1615,275.1466935084846
1616,252.44387226958062
1617,258.7823643252568
1618,291.0769917454396
1619,270.7626847032693
1620,257.3847582433182
1621,273.3115134657356
1622,263.5148001071302
1623,273.88167734531197
1624,265.5175228992227
1625,283.45923837881094
1626,279.05122790634255
1627,257.3072507759614
1628,273.7610830926444
1629,295.8939590471913
1630,290.22141152870415
1631,264.4550541560562
1632,254.72205386702734
1633,25.744010741834217
1634,280.28986297740914
1635,265.47744340157686
1636,279.3882537137936
1637,282.1335497009286
1638,266.49742149621613
1639,184.19135499507138
1640,232.48705578773917
1641,271.35351059008025
1642,289.0492300971549
1643,252.53169134607128
1644,285.98077896845166
1645,288.2009657764246
1646,297.73457387346247
1647,300.24321837265643
1648,288.23736828283654
1649,276.60009159835437
1650,269.67896383827065
1651,287.56808703561546
1652,281.9233030012807
1653,303.8537983450842
1654,287.93082363462753
1655,282.576125405259
1656,262.17719187816783
1657,261.3750375275986
1658,257.569201778355
1659,274.09015591042754
1660,267.3042474080828
1661,267.44375497488954
1662,276.97426896329637
1663,305.0473371159052
1664,251.11881801700295
1665,263.7776683100798
1666,246.8230583393591
1667,297.84502628648244
1668,294.1140619804427
1669,256.1633226521531
1670,244.54938121302342
1671,291.1867611660306
1672,255.80319739721875
1673,241.93708642675713
1674,300.1905979586069
1675,302.12807777060704
1676,296.04353875492416
1677,271.54655623428516
1678,252.3945385194261
1679,232.01547261320792
1680,282.47568811421957
1681,283.3636395169153
1682,263.8526388946577
1683,241.28049377897105
1684,296.27164052023795
1685,262.0467027579892
1686,274.97775590798767
1687,264.6285903325522
1688,286.68599860375554
1689,312.0992921358883
1690,263.2396444800351
1691,271.9895196150177
1692,278.72562581131046
1693,273.61623347485954
1694,308.07652262236707
1695,301.9418321987908
1696,280.55951103865203
1697,-29.225096028030592
1698,292.2327299223322
1699,291.10039609273883
1700,280.4027463482842
1701,272.3279067753041
1702,287.8737863900185
1703,293.275821603068
1704,294.3026553883857
1705,237.94435782763367
1706,263.1439570393593
1707,53.04539431462263
1708,276.4348930871439
1709,279.596674867649
1710,278.45185513934786
1711,297.39499617814727
1712,284.077725542067
1713,294.87088709687623
1714,257.75456599122913
1715,275.0388566929541
1716,284.15498708753944
1717,295.7842062540327
1718,287.48597895265243
1719,275.10346249603333
1720,252.85893268144946
1721,281.29369531763894
1722,299.7793745975528
1723,279.19586458697427
1724,266.0000797551984
1725,295.570658679432
1726,277.6331007707257
1727,256.75853069269965
1728,260.7603777550133
1729,271.28514807133297
1730,256.07435978964753
1731,305.87367521893043
1732,288.8945327755635
1733,281.2648795233527
1734,267.1174285357148
1735,276.34193417207797
1736,291.0706351106513
1737,276.6053078524991
1738,254.37403724644676
1739,269.24530105631584
1740,266.1551015334012
1741,289.15272870246065
1742,246.01332845790205
1743,279.58928204332346
1744,297.0412030747239
1745,312.5570866160475
1746,263.9262807786377
1747,270.2054548048963
1748,267.5143830861575
1749,276.8393003875692
1750,258.6105122304382
1751,277.67663161014843
1752,276.6196853926287
1753,264.08596361769287
1754,251.52308347577954
1755,254.19901371327467
1756,277.09268393810476
1757,270.5690043813051
1758,288.82248981077294
1759,285.9263439124431
1760,283.3392309807443
1761,286.50898754511496
1762,231.1312883535802
1763,251.01365110583083
1764,286.8980904529883
1765,275.34707798482907
1766,277.83329517707705
1767,306.7238094918831
1768,265.1536449640729
1769,290.9966455810734
1770,272.8775500728144
1771,295.06063029697344
1772,320.29883754455653
1773,275.7866720501303
1774,239.10894134997173
1775,266.8460922133834
1776,297.7313989263699
1777,275.9321914551327
1778,269.0734825561887
1779,275.7661756257853
1780,260.86235014550687
1781,287.77699675051946
1782,291.8455392610424
1783,273.57200565673986
1784,261.9564644987904
1785,281.2543271391623
1786,300.13537380169555
1787,245.74964505099402
1788,264.15036378889823
1789,309.4705129354612
1790,286.10126846913425
1791,294.8950491264423
1792,277.0473388616479
1793,284.9557306289461
1794,294.89022474211794
1795,288.8382713266803
1796,226.73770500522397
1797,270.1981760162241
1798,263.4108547878965
1799,267.2788722760557
1800,242.57819352658674
1801,277.53000473682147
1802,-245.08287600293033
1803,284.9808850058609
1804,274.6290014229576
1805,281.02830421850456
1806,280.86886176248
1807,250.0714394037697
1808,281.1047725124931
1809,258.5249383282605
1810,250.5661911335594
1811,272.6742024179005
1812,257.87594003738417
1813,282.06036904331313
1814,249.22127712928273
1815,246.9986765903853
1816,266.65679883542475
1817,274.96085173294364
1818,277.39989573316086
1819,261.9449901498393
1820,256.2281922966612
1821,261.88963199153426
1822,265.02280557257893
1823,277.1640624990903
1824,269.3223490514243
1825,266.4499340805879
1826,272.1439803095123
1827,283.8771057760774
1828,275.0703441087894
1829,264.60271237915674
1830,262.70632856428426
1831,249.44866257500428
1832,-396.1498353721154
1833,246.3286242483593
1834,284.69217975610917
1835,253.96369643559436
1836,260.7610466671538
1837,284.30154285902665
1838,270.9583768710588
1839,291.865735845559
1840,266.1048042183542
1841,281.9724442716817
1842,260.60613848778394
1843,280.63190358581187
1844,284.136457583863
1845,279.46618188627076
1846,248.5663060595125
1847,289.8701656833599
1848,298.9158924208741
1849,268.47750427814657
1850,270.29309731808434
1851,279.1115369654659
1852,281.7325669781484
1853,233.38060211548208
1854,265.5061907758686
1855,316.23377568715887
1856,274.59449969205394
1857,256.0542445676462
1858,269.7724539105001
1859,280.46495999009153
1860,294.4964022169049
1861,263.0074719750984
1862,258.2024447685535
1863,294.90832003359907
1864,291.88686326389666
1865,279.8109622010703
1866,239.76942980762502
1867,257.3764241501208
1868,258.82892214381644
1869,284.2112248055314
1870,235.24716832776866
1871,248.0658062326303
1872,285.12826421607053
1873,283.75341177823896
1874,281.3032739961608
1875,262.4058702641593
1876,288.6829175224576
1877,273.0726784230078
1878,279.67255050350934
1879,292.6233040848234
1880,260.01851471871043
1881,281.8923837196827
1882,294.2551050607793
1883,274.5348859884174
1884,299.07814113578297
1885,285.22991862846595
1886,271.5062982500657
1887,252.79483977510932
1888,258.0432388988334
1889,272.32557885862536
1890,292.1439680896714
1891,271.6936676894321
1892,286.5701083246104
1893,266.1383993852111
1894,243.37078941161116
1895,166.28628890356248
1896,253.17228959136568
1897,266.5501222374497
1898,287.7690260548135
1899,272.4716764501104
1900,241.37310963253816
1901,311.40700825250167
1902,279.49124148727554
1903,308.9040038870238
1904,326.62537130690475
1905,300.4197859664754
1906,275.67160232726775
1907,294.25587713467314
1908,280.68672462330494
1909,284.2058144932175
1910,269.7255440741699
1911,254.76545711392743
1912,295.57726348462404
1913,268.81877995613036
1914,265.5368043851387
1915,254.25160462424537
1916,299.4894676892714
1917,282.62335494121345
1918,271.81208411156956
1919,231.19381556209038
1920,303.3130464768192
1921,262.4417471819576
1922,263.74335793352475
1923,308.6198646197147
1924,280.90017590295463
1925,270.5259961707672
1926,242.00539519135668
1927,256.6609455937215
1928,252.3476571980914
1929,245.5870556858533
1930,280.65646716592784
1931,272.27472539760674
1932,279.1522618861229
1933,270.9985007555309
1934,283.2938607169194
1935,270.04015067654785
1936,306.92102167906694
1937,260.9917245440324
1938,266.12960782532434
1939,290.1456551254224
1940,281.6702583676123
1941,297.8811471454182
1942,313.2618619600704
1943,307.1576961607609
1944,260.60658171834194
1945,274.9746420339921
1946,257.0507315608247
1947,279.9849816625799
1948,258.05293101093616
1949,263.6522662703503
1950,279.9563957768769
1951,283.18384423211194
1952,244.19750202394232
1953,252.64114669445038
1954,230.95191896988928
1955,209.3852141183821
1956,266.26388602182607
1957,275.8231908610376
1958,258.7419062871774
1959,248.19679860011263
1960,263.952037965703
1961,266.0279350677305
1962,281.2507111799644
1963,274.736942023153
1964,249.56811716199337
1965,275.1550459339431
1966,253.11550705484018
1967,280.58972379152556
1968,291.30043069798944
1969,249.52282318759788
1970,321.4226493662619
1971,273.72632352171377
1972,300.37460914854074
1973,298.8698459673076
1974,265.12861871083686
1975,290.2003455507307
1976,306.94199559098786
1977,259.11587647800104
1978,273.57067246844167
1979,268.83275577422535
1980,273.6265866859052
1981,311.8402935221816
1982,233.73179930012805
1983,254.63377577119863
1984,259.61992462726494
1985,154.05471191552573
1986,265.02102931430403
1987,253.49955097180325
1988,249.58422297687747
1989,296.62837097026136
1990,281.7101685455715
1991,302.9717362770161
1992,271.88778337371264
1993,247.67801196789247
1994,293.66028859949233
1995,271.82572703462597
1996,275.3379022628542
1997,56.46745232896535
1998,274.27009335597
1999,248.37689892368599
